{"x5374y-5739z42":{"z":42.66949462890625,"y":-5739.74365234375,"lstPrcsT":1666632046,"wTime":0,"plnT":1666630850,"quality":57.79166666666666,"hex":"091d278c98370b45b684c7395a3bc348dfed791f","type":"highgradefemaleseed","harvested":13,"x":5374.14697265625,"fPrcnt":0,"wPrcnt":3.67777777777775,"ready":true},"x5365y-5739z42":{"z":42.24501037597656,"y":-5739.65185546875,"lstPrcsT":1666631947,"wTime":0,"plnT":1666630751,"quality":46.28472222222221,"hex":"091d278c98370b45b684c7395a3bc348dfed791f","type":"highgradefemaleseed","harvested":11,"x":5365.64208984375,"fPrcnt":0,"wPrcnt":1.67777777777777,"ready":true},"x5363y-5737z42":{"z":42.11807632446289,"y":-5737.25537109375,"lstPrcsT":1666631841,"wTime":0,"plnT":1666630647,"quality":44.26388888888891,"hex":"091d278c98370b45b684c7395a3bc348dfed791f","type":"highgradefemaleseed","harvested":11,"ready":true,"fPrcnt":0,"wPrcnt":6.68333333333331,"x":5363.94775390625},"x5366y-5737z41":{"z":41.92453002929687,"y":-5737.07275390625,"lstPrcsT":1666631822,"wTime":0,"plnT":1666630625,"quality":47.53472222222221,"hex":"091d278c98370b45b684c7395a3bc348dfed791f","type":"highgradefemaleseed","harvested":12,"x":5366.642578125,"fPrcnt":0,"wPrcnt":4.67499999999997,"ready":true},"x5361y-5736z41":{"z":41.48836517333984,"y":-5736.82861328125,"lstPrcsT":1666631855,"wTime":0,"plnT":1666630667,"quality":42.56944444444445,"hex":"091d278c98370b45b684c7395a3bc348dfed791f","type":"highgradefemaleseed","harvested":11,"x":5361.77099609375,"fPrcnt":0,"wPrcnt":5.69999999999997,"ready":true},"x1907y4817z44":{"z":44.25269317626953,"y":4817.76171875,"lstPrcsT":1666615947,"wTime":0,"plnT":1666614749,"quality":61.26388888888891,"hex":"c08beb4b3404c59245e26d45a234dca046b72b03","type":"highgradefemaleseed","harvested":14,"x":1907.94287109375,"fPrcnt":0,"wPrcnt":5.6722222222222,"ready":true},"x5377y-5736z42":{"z":42.23976516723633,"y":-5736.7392578125,"lstPrcsT":1666631721,"wTime":0,"plnT":1666630530,"quality":57.83333333333337,"hex":"091d278c98370b45b684c7395a3bc348dfed791f","type":"highgradefemaleseed","harvested":13,"ready":true,"fPrcnt":0,"wPrcnt":3.69166666666664,"x":5377.28662109375},"x-2375y2484z2":{"z":2.20389890670776,"y":2484.468505859375,"lstPrcsT":1666681160,"wTime":0,"plnT":1666679961,"quality":49.26388888888897,"hex":"b4827d01760f6d2d34cc017077e8b1cbc2b801f2","type":"highgradefemaleseed","harvested":12,"ready":true,"fPrcnt":0,"wPrcnt":96.74166666666672,"x":-2375.26416015625},"x5371y-5736z41":{"z":41.93769454956055,"y":-5736.83642578125,"lstPrcsT":1666631777,"wTime":0,"plnT":1666630579,"quality":46.06944444444448,"hex":"091d278c98370b45b684c7395a3bc348dfed791f","type":"highgradefemaleseed","harvested":11,"x":5371.8623046875,"fPrcnt":0,"wPrcnt":3.6722222222222,"ready":true},"x5361y-5738z42":{"z":42.03584289550781,"y":-5738.82763671875,"lstPrcsT":1666631890,"wTime":0,"plnT":1666630692,"quality":63.79861111111112,"hex":"091d278c98370b45b684c7395a3bc348dfed791f","type":"highgradefemaleseed","harvested":14,"ready":true,"fPrcnt":0,"wPrcnt":2.67222222222221,"x":5361.91015625},"x5369y-5737z42":{"z":42.01747512817383,"y":-5737.33154296875,"lstPrcsT":1666631801,"wTime":0,"plnT":1666630605,"quality":54.81250000000001,"hex":"091d278c98370b45b684c7395a3bc348dfed791f","type":"highgradefemaleseed","harvested":13,"ready":true,"fPrcnt":0,"wPrcnt":6.67777777777775,"x":5369.03369140625},"x3114y6026z125":{"z":125.37274932861328,"y":6026.25439453125,"lstPrcsT":1666641266,"wTime":0,"plnT":1666640066,"quality":52.55555555555556,"hex":"c08beb4b3404c59245e26d45a234dca046b72b03","type":"highgradefemaleseed","harvested":12,"ready":true,"fPrcnt":0,"wPrcnt":96.95277777777776,"x":3114.9755859375},"x-2368y2489z2":{"z":2.34737300872802,"y":2489.827880859375,"lstPrcsT":1666682782,"wTime":0,"plnT":1666681592,"quality":58.56250000000003,"hex":"b4827d01760f6d2d34cc017077e8b1cbc2b801f2","type":"highgradefemaleseed","harvested":13,"x":-2368.653076171875,"fPrcnt":0,"wPrcnt":96.78333333333346,"ready":true},"x5371y-5739z42":{"z":42.46899795532226,"y":-5739.77294921875,"lstPrcsT":1666632020,"wTime":0,"plnT":1666630821,"quality":57.02777777777773,"hex":"091d278c98370b45b684c7395a3bc348dfed791f","type":"highgradefemaleseed","harvested":13,"ready":true,"fPrcnt":0,"wPrcnt":1.66944444444444,"x":5371.78125},"x-2366y2491z2":{"z":2.34431314468383,"y":2491.798583984375,"lstPrcsT":1666682738,"wTime":0,"plnT":1666681539,"quality":45.03472222222226,"hex":"b4827d01760f6d2d34cc017077e8b1cbc2b801f2","type":"highgradefemaleseed","harvested":11,"ready":true,"fPrcnt":0,"wPrcnt":96.74444444444456,"x":-2366.884765625},"x5363y-5739z42":{"z":42.32811737060547,"y":-5739.966796875,"lstPrcsT":1666631916,"wTime":0,"plnT":1666630720,"quality":52.77083333333332,"hex":"091d278c98370b45b684c7395a3bc348dfed791f","type":"highgradefemaleseed","harvested":12,"ready":true,"fPrcnt":0,"wPrcnt":5.67777777777775,"x":5363.6416015625},"x5375y-5736z42":{"z":42.1050796508789,"y":-5736.85205078125,"lstPrcsT":1666631744,"wTime":0,"plnT":1666630554,"quality":45.07638888888891,"hex":"091d278c98370b45b684c7395a3bc348dfed791f","type":"highgradefemaleseed","harvested":11,"ready":true,"fPrcnt":0,"wPrcnt":4.69444444444442,"x":5375.1767578125},"x5367y-5739z42":{"z":42.30845642089844,"y":-5739.54736328125,"lstPrcsT":1666631969,"wTime":0,"plnT":1666630773,"quality":57.77083333333333,"hex":"091d278c98370b45b684c7395a3bc348dfed791f","type":"highgradefemaleseed","harvested":13,"ready":true,"fPrcnt":0,"wPrcnt":5.67777777777775,"x":5367.6708984375},"x5376y-5739z42":{"z":42.92250442504883,"y":-5739.78076171875,"lstPrcsT":1666632072,"wTime":0,"plnT":1666630875,"quality":57.79861111111111,"hex":"091d278c98370b45b684c7395a3bc348dfed791f","type":"highgradefemaleseed","harvested":13,"x":5376.2412109375,"fPrcnt":0,"wPrcnt":4.67499999999997,"ready":true},"x-288y2840z54":{"z":54.07337951660156,"y":2840.0908203125,"lstPrcsT":1666618233,"wTime":0,"plnT":1666617043,"quality":51.75694444444444,"hex":"c08beb4b3404c59245e26d45a234dca046b72b03","type":"highgradefemaleseed","harvested":12,"x":-288.73089599609377,"fPrcnt":0,"wPrcnt":96.7638888888889,"ready":true},"x1787y4752z39":{"z":39.24054718017578,"y":4752.44287109375,"lstPrcsT":1666616115,"wTime":0,"plnT":1666614915,"quality":51.04166666666668,"hex":"c08beb4b3404c59245e26d45a234dca046b72b03","type":"highgradefemaleseed","harvested":12,"x":1787.4935302734376,"fPrcnt":0,"wPrcnt":6.66666666666664,"ready":true},"x5379y-5736z42":{"z":42.39482498168945,"y":-5736.7509765625,"lstPrcsT":1666631707,"wTime":0,"plnT":1666630509,"quality":48.29166666666666,"hex":"091d278c98370b45b684c7395a3bc348dfed791f","type":"highgradefemaleseed","harvested":12,"ready":true,"fPrcnt":0,"wPrcnt":3.6722222222222,"x":5379.3779296875},"x5369y-5739z42":{"z":42.46271896362305,"y":-5739.61474609375,"lstPrcsT":1666631993,"wTime":0,"plnT":1666630795,"quality":61.10416666666668,"hex":"091d278c98370b45b684c7395a3bc348dfed791f","type":"highgradefemaleseed","harvested":14,"ready":true,"fPrcnt":0,"wPrcnt":2.67222222222221,"x":5369.73583984375},"x-2364y2491z2":{"z":2.12036895751953,"y":2491.059814453125,"lstPrcsT":1666682655,"wTime":0,"plnT":1666681457,"quality":46.27083333333341,"hex":"b4827d01760f6d2d34cc017077e8b1cbc2b801f2","type":"highgradefemaleseed","harvested":11,"x":-2364.02099609375,"fPrcnt":0,"wPrcnt":96.74722222222236,"ready":true},"x3121y6016z131":{"z":131.0933074951172,"y":6016.30419921875,"lstPrcsT":1666641300,"wTime":0,"plnT":1666640110,"quality":48.75694444444448,"hex":"c08beb4b3404c59245e26d45a234dca046b72b03","type":"highgradefemaleseed","harvested":12,"x":3121.038818359375,"fPrcnt":0,"wPrcnt":96.77499999999998,"ready":true},"x3118y6020z129":{"z":129.18138122558598,"y":6020.1826171875,"lstPrcsT":1666641278,"wTime":0,"plnT":1666640087,"quality":59.01388888888894,"hex":"c08beb4b3404c59245e26d45a234dca046b72b03","type":"highgradefemaleseed","harvested":13,"ready":true,"fPrcnt":0,"wPrcnt":96.86666666666658,"x":3118.39013671875}}