{"x3114y6026z125":{"plnT":1666640066,"harvested":12,"lstPrcsT":1666641266,"ready":true,"type":"highgradefemaleseed","quality":52.55555555555556,"x":3114.9755859375,"wPrcnt":96.95277777777776,"wTime":0,"hex":"c08beb4b3404c59245e26d45a234dca046b72b03","fPrcnt":0,"y":6026.25439453125,"z":125.37274932861328},"x3121y6016z131":{"plnT":1666640110,"harvested":12,"lstPrcsT":1666641300,"ready":true,"z":131.0933074951172,"quality":48.75694444444448,"fPrcnt":0,"wPrcnt":96.77499999999998,"hex":"c08beb4b3404c59245e26d45a234dca046b72b03","wTime":0,"x":3121.038818359375,"y":6016.30419921875,"type":"highgradefemaleseed"},"x-2644y2826z1":{"plnT":1666708075,"harvested":14,"lstPrcsT":1666709273,"ready":true,"type":"highgradefemaleseed","quality":62.31944444444448,"x":-2644.031494140625,"wPrcnt":97.09166666666674,"wTime":0,"hex":"5e19d44c1265cf02daa0d6ab365b8dc725387736","fPrcnt":94.07222222222217,"y":2826.55126953125,"z":1.80869925022125},"x-2639y2821z1":{"plnT":1666708083,"harvested":15,"lstPrcsT":1666709283,"ready":true,"type":"highgradefemaleseed","quality":66.95138888888889,"x":-2639.9365234375,"wPrcnt":5.66666666666665,"wTime":0,"hex":"a87bae5f00be4232ecf453750b2fda76c80b6033","fPrcnt":93.63888888888889,"y":2821.90673828125,"z":1.69445836544036},"x-2373y2487z2":{"plnT":1666713316,"harvested":12,"lstPrcsT":1666714510,"ready":true,"z":2.17385649681091,"quality":53.0,"fPrcnt":0,"wPrcnt":96.75833333333333,"hex":"b4827d01760f6d2d34cc017077e8b1cbc2b801f2","wTime":0,"x":-2373.96484375,"y":2487.533203125,"type":"highgradefemaleseed"},"x-2473y2513z0":{"plnT":1666723590,"harvested":11,"lstPrcsT":1666724786,"ready":true,"type":"highgradefemaleseed","quality":42.0,"x":-2473.283935546875,"wPrcnt":5.67777777777776,"wTime":0,"hex":"1e9fa4634f7aa381cdeadfdf469d315f6263a6f6","fPrcnt":0,"y":2513.920166015625,"z":0.64721703529357},"x3118y6020z129":{"plnT":1666640087,"harvested":13,"lstPrcsT":1666641278,"ready":true,"z":129.18138122558598,"quality":59.01388888888894,"fPrcnt":0,"wPrcnt":96.86666666666658,"hex":"c08beb4b3404c59245e26d45a234dca046b72b03","wTime":0,"x":3118.39013671875,"y":6020.1826171875,"type":"highgradefemaleseed"},"x-2464y2481z1":{"plnT":1666723560,"harvested":14,"lstPrcsT":1666724754,"ready":true,"type":"highgradefemaleseed","quality":60.54166666666667,"x":-2464.983642578125,"wPrcnt":3.68333333333332,"wTime":0,"hex":"1e9fa4634f7aa381cdeadfdf469d315f6263a6f6","fPrcnt":0,"y":2481.442626953125,"z":1.88573789596557}}